type, client, tx, amount
deposit, 1, 1, 1.0 
dispute, 1, 1, 
chargeback, 1, 1, 
deposit, 1, 3, 2.04343 
deposit, 1, 3, 2.4564320 
deposit, 2, 2, 2.0
deposit, 1, 1, 1.0 
deposit, 2, 2, 2.0
deposit, 1, 3, 2.03456786543
deposit, 1, 1, 1.0 
deposit, 2, 2, 2.0
deposit, 1, 3, 2.0 
deposit, 1, 1, 1.76543 
deposit, 2, 2, 2.0
deposit, 1, 3, 2.0
deposit, 1, 1, 1.0 
deposit, 2, 2, 2.0545
deposit, 1, 3, 2.0 
deposit, 1, 1, 1.0 
deposit, 2, 2, 2.0
deposit, 1, 3, 2.0
deposit, 1, 1, 1.0 
deposit, 2, 2, 2.0
deposit, 1, 3, 2.0 
deposit, 1, 1, 1.0 
deposit, 2, 2, 2.0
deposit, 1, 3, 2.0
deposit, 1, 1, 1.0 
deposit, 2, 2, 2.0
deposit, 1, 3, 2.0 
deposit, 1, 1, 1.0 
deposit, 2, 2, 2.0
deposit, 1, 3, 2.0
deposit, 1, 1, 1.0 
deposit, 2, 2, 2.0
deposit, 1, 3, 2.0 
deposit, 1, 1, 1.0 
deposit, 2, 2, 2.0
deposit, 1, 3, 2.0
deposit, 1, 1, 1.0 
deposit, 2, 2, 2.0
deposit, 1, 3, 2.0 
deposit, 1, 1, 1.0 
deposit, 2, 2, 2.0
deposit, 1, 3, 2.0
deposit, 1, 1, 1.0 
deposit, 2, 2, 2.0
deposit, 1, 3, 2.0 
deposit, 1, 1, 1.0 
deposit, 2, 2, 2.0
deposit, 1, 3, 2.0
deposit, 1, 1, 1.0 
deposit, 2, 2, 2.0
deposit, 1, 3, 2.0 
deposit, 1, 1, 1.0 
deposit, 2, 2, 2.0
deposit, 1, 3, 2.0
deposit, 1, 1, 1.0 
deposit, 2, 2, 2.0
deposit, 1, 3, 2.0 
deposit, 1, 1, 1.0 
deposit, 2, 2, 2.0
deposit, 1, 3, 2.0
deposit, 1, 1, 1.0 
deposit, 2, 2, 2.0
deposit, 1, 3, 2.0 
deposit, 1, 1, 1.0 
deposit, 2, 2, 2.0
deposit, 1, 3, 2.0
deposit, 1, 1, 1.0 
deposit, 2, 2, 2.0
deposit, 1, 3, 2.0 
deposit, 1, 1, 1.0 
deposit, 2, 2, 2.0
deposit, 1, 3, 2.0
deposit, 1, 1, 1.0 
deposit, 2, 2, 2.0
deposit, 1, 3, 2.0 
deposit, 1, 1, 1.0 
deposit, 2, 2, 2.0
deposit, 1, 3, 2.0
deposit, 1, 1, 1.0 
deposit, 2, 2, 2.0
deposit, 1, 3, 2.0 
deposit, 1, 1, 1.0 
deposit, 2, 2, 2.0
deposit, 1, 3, 2.0
deposit, 1, 1, 1.0 
deposit, 2, 2, 2.0
deposit, 1, 3, 2.0 
deposit, 1, 1, 1.0 
deposit, 2, 2, 2.0
deposit, 1, 3, 2.0
deposit, 1, 1, 1.0 
deposit, 2, 2, 2.0
deposit, 1, 3, 2.0 
deposit, 1, 1, 1.0 
deposit, 2, 2, 2.0
deposit, 1, 3, 2.0
deposit, 1, 1, 1.0 
deposit, 2, 2, 2.0
deposit, 1, 3, 2.0 
deposit, 1, 1, 1.0 
deposit, 2, 2, 2.0
deposit, 1, 3, 2.0
deposit, 1, 1, 1.0 
deposit, 2, 2, 2.0
deposit, 1, 3, 2.0 
deposit, 1, 1, 1.0 
deposit, 2, 2, 2.0
deposit, 1, 3, 2.0
deposit, 1, 1, 1.0 
deposit, 2, 2, 2.0
deposit, 1, 3, 2.0 
deposit, 1, 1, 1.0 
deposit, 2, 2, 2.0
deposit, 1, 3, 2.0
deposit, 1, 1, 1.0 
deposit, 2, 2, 2.0
deposit, 1, 3, 2.0 
deposit, 1, 1, 1.0 
deposit, 2, 2, 2.0
deposit, 1, 3, 2.0
deposit, 1, 1, 1.0 
deposit, 2, 2, 2.0
deposit, 1, 3, 2.0 
deposit, 1, 1, 1.0 
deposit, 2, 2, 2.0
deposit, 1, 3, 2.0
deposit, 1, 1, 1.0 
deposit, 2, 2, 2.0
deposit, 1, 3, 2.0 
deposit, 1, 1, 1.0 
deposit, 2, 2, 2.0
deposit, 1, 3, 2.0
deposit, 1, 1, 1.0 
deposit, 2, 2, 2.0
deposit, 1, 3, 2.0 
deposit, 1, 1, 1.0 
deposit, 2, 2, 2.0
deposit, 1, 3, 2.0
deposit, 1, 1, 1.0 
deposit, 2, 2, 2.0
deposit, 1, 3, 2.0 
deposit, 1, 1, 1.0 
deposit, 2, 2, 2.0
deposit, 1, 3, 2.0
deposit, 1, 1, 1.0 
deposit, 2, 2, 2.0
deposit, 1, 3, 2.0 
deposit, 1, 1, 1.0 
deposit, 2, 2, 2.0
deposit, 1, 3, 2.0
deposit, 1, 1, 1.0 
deposit, 2, 2, 2.0
deposit, 1, 3, 2.0 
deposit, 1, 1, 1.0 
deposit, 2, 2, 2.0
deposit, 1, 3, 2.0
deposit, 1, 1, 1.0 
deposit, 2, 2, 2.0
deposit, 1, 3, 2.0 
deposit, 1, 1, 1.0 
deposit, 2, 2, 2.0
deposit, 1, 3, 2.0
deposit, 1, 1, 1.0 
deposit, 2, 2, 2.0
deposit, 1, 3, 2.0 
deposit, 1, 1, 1.0 
deposit, 2, 2, 2.0
deposit, 1, 3, 2.0
deposit, 1, 1, 1.0 
deposit, 2, 2, 2.0
deposit, 1, 3, 2.0 
deposit, 1, 1, 1.0 
deposit, 2, 2, 2.0
deposit, 1, 3, 2.0
deposit, 1, 1, 1.0 
deposit, 2, 2, 2.0
deposit, 1, 3, 2.0 
deposit, 1, 1, 1.0 
deposit, 2, 2, 2.0
deposit, 1, 3, 2.0
deposit, 1, 1, 1.0 
deposit, 2, 2, 2.0
deposit, 1, 3, 2.0 
deposit, 1, 1, 1.0 
deposit, 2, 2, 2.0
deposit, 1, 3, 2.0
deposit, 1, 1, 1.0 
deposit, 2, 2, 2.0
deposit, 1, 3, 2.0 
deposit, 1, 1, 1.0 
deposit, 2, 2, 2.0
deposit, 1, 3, 2.0
deposit, 1, 1, 1.0 
deposit, 2, 2, 2.0
deposit, 1, 3, 2.0 
deposit, 1, 1, 1.0 
deposit, 2, 2, 2.0
deposit, 1, 3, 2.0
deposit, 1, 1, 1.0 
deposit, 2, 2, 2.0
deposit, 1, 3, 2.0 
deposit, 1, 1, 1.0 
deposit, 2, 2, 2.0
deposit, 1, 3, 2.0
deposit, 1, 1, 1.0 
deposit, 2, 2, 2.0
deposit, 1, 3, 2.0 
deposit, 1, 1, 1.0 
deposit, 2, 2, 2.0
deposit, 1, 3, 2.0
deposit, 1, 1, 1.0 
deposit, 2, 2, 2.0
deposit, 1, 3, 2.0 
deposit, 1, 1, 1.0 
deposit, 2, 2, 2.0
deposit, 1, 3, 2.0
deposit, 1, 1, 1.0 
deposit, 2, 2, 2.0
deposit, 1, 3, 2.0 
deposit, 1, 1, 1.0 
deposit, 2, 2, 2.0
deposit, 1, 3, 2.0
deposit, 1, 1, 1.0 
deposit, 2, 2, 2.0
deposit, 1, 3, 2.0 
deposit, 1, 1, 1.0 
deposit, 2, 2, 2.0
deposit, 1, 3, 2.0
deposit, 1, 1, 1.0 
deposit, 2, 2, 2.0
deposit, 1, 3, 2.0 
deposit, 1, 1, 1.0 
deposit, 2, 2, 2.0
deposit, 1, 3, 2.0
deposit, 1, 1, 1.0 
deposit, 2, 2, 2.0
deposit, 1, 3, 2.0 
deposit, 1, 1, 1.0 
deposit, 2, 2, 2.0
deposit, 1, 3, 2.0
deposit, 1, 1, 1.0 
deposit, 2, 2, 2.0
deposit, 1, 3, 2.0 
deposit, 1, 1, 1.0 
deposit, 2, 2, 2.0
deposit, 1, 3, 2.0
deposit, 1, 1, 1.0 
deposit, 2, 2, 2.0
deposit, 1, 3, 2.0 
deposit, 1, 1, 1.0 
deposit, 2, 2, 2.0
deposit, 1, 3, 2.0
deposit, 1, 1, 1.0 
deposit, 2, 2, 2.0
deposit, 1, 3, 2.0 
deposit, 1, 1, 1.0 
deposit, 2, 2, 2.0
deposit, 1, 3, 2.0
deposit, 1, 1, 1.0 
deposit, 2, 2, 2.0
deposit, 1, 3, 2.0 
deposit, 1, 1, 1.0 
deposit, 2, 2, 2.0
deposit, 1, 3, 2.0
deposit, 1, 1, 1.0 
deposit, 2, 2, 2.0
deposit, 1, 3, 2.0 
deposit, 1, 1, 1.0 
deposit, 2, 2, 2.0
deposit, 1, 3, 2.0
deposit, 1, 1, 1.0 
deposit, 2, 2, 2.0
deposit, 1, 3, 2.0 
deposit, 1, 1, 1.0 
deposit, 2, 2, 2.0
deposit, 1, 3, 2.0
deposit, 1, 1, 1.0 
deposit, 2, 2, 2.0
deposit, 1, 3, 2.0 
deposit, 1, 1, 1.0 
deposit, 2, 2, 2.0
deposit, 1, 3, 2.0
deposit, 1, 1, 1.0 
deposit, 2, 2, 2.0
deposit, 1, 3, 2.0 
deposit, 1, 1, 1.0 
deposit, 2, 2, 2.0
deposit, 1, 3, 2.0
deposit, 1, 1, 1.0 
deposit, 2, 2, 2.0
deposit, 1, 3, 2.0 
deposit, 1, 1, 1.0 
deposit, 2, 2, 2.0
deposit, 1, 3, 2.0
deposit, 1, 1, 1.0 
deposit, 2, 2, 2.0
deposit, 1, 3, 2.0 
deposit, 1, 1, 1.0 
deposit, 2, 2, 2.0
deposit, 1, 3, 2.0
deposit, 1, 1, 1.0 
deposit, 2, 2, 2.0
deposit, 1, 3, 2.0 
deposit, 1, 1, 1.0 
deposit, 2, 2, 2.0
deposit, 1, 3, 2.0
deposit, 1, 1, 1.0 
deposit, 2, 2, 2.0
deposit, 1, 3, 2.0 
deposit, 1, 1, 1.0 
deposit, 2, 2, 2.0
deposit, 1, 3, 2.0
deposit, 1, 1, 1.0 
deposit, 2, 2, 2.0
deposit, 1, 3, 2.0 
deposit, 1, 1, 1.0 
deposit, 2, 2, 2.0
deposit, 1, 3, 2.0
deposit, 1, 1, 1.0 
deposit, 2, 2, 2.0
deposit, 1, 3, 2.0 
deposit, 1, 1, 1.0 
deposit, 2, 2, 2.0
deposit, 1, 3, 2.0
deposit, 1, 1, 1.0 
deposit, 2, 2, 2.0
deposit, 1, 3, 2.0 
dispute, 1, 3, 1.0 
deposit, 2, 2, 2.0
deposit, 1, 3, 2.0
deposit, 1, 1, 1.0 
deposit, 2, 2, 2.0
chargeback, 1, 3,4
deposit, 1, 1, 1.0 
deposit, 2, 2, 2.0
deposit, 1, 3, 2.0
deposit, 1, 1, 1.0 
deposit, 2, 2, 2.0
deposit, 1, 3, 2.0 
deposit, 1, 1, 1.0 
deposit, 2, 2, 2.0
deposit, 1, 3, 2.0
deposit, 1, 1, 1.0 
deposit, 2, 2, 2.0
deposit, 1, 3, 2.0 
deposit, 1, 1, 1.0 
deposit, 2, 2, 2.0
deposit, 1, 3, 2.0
deposit, 1, 1, 1.0 
deposit, 2, 2, 2.0
deposit, 1, 3, 2.0 
deposit, 1, 1, 1.0 
deposit, 2, 2, 2.0
deposit, 1, 3, 2.0
deposit, 1, 1, 1.0 
deposit, 2, 2, 2.0
deposit, 1, 3, 2.0 
deposit, 1, 1, 1.0 
deposit, 2, 2, 2.0
deposit, 1, 3, 2.0
deposit, 1, 1, 1.0 
deposit, 2, 2, 2.0
deposit, 1, 3, 2.0 
deposit, 1, 1, 1.0 
deposit, 2, 2, 2.0
deposit, 1, 3, 2.0
deposit, 1, 1, 1.0 
deposit, 2, 2, 2.0
deposit, 1, 3, 2.0 
deposit, 1, 1, 1.0 
deposit, 2, 2, 2.0
deposit, 1, 3, 2.0
deposit, 1, 1, 1.0 
deposit, 2, 2, 2.0
deposit, 1, 3, 2.0 
deposit, 1, 1, 1.0 
deposit, 2, 2, 2.0
deposit, 1, 3, 2.0
deposit, 1, 1, 1.0 
deposit, 2, 2, 2.0
deposit, 1, 3, 2.0 
deposit, 1, 1, 1.0 
deposit, 2, 2, 2.0
deposit, 1, 3, 2.0
deposit, 1, 1, 1.0 
deposit, 2, 2, 2.0
deposit, 1, 3, 2.0 
deposit, 1, 1, 1.0 
deposit, 2, 2, 2.0
deposit, 1, 3, 2.0
deposit, 1, 1, 1.0 
deposit, 2, 2, 2.0
deposit, 1, 3, 2.0 
deposit, 1, 1, 1.0 
deposit, 2, 2, 2.0
deposit, 1, 3, 2.0
deposit, 1, 1, 1.0 
deposit, 2, 2, 2.0
deposit, 1, 3, 2.0 
deposit, 1, 1, 1.0 
deposit, 2, 2, 2.0
deposit, 1, 3, 2.0
deposit, 1, 1, 1.0 
deposit, 2, 2, 2.0
deposit, 1, 3, 2.0 
deposit, 1, 1, 1.0 
deposit, 2, 2, 2.0
deposit, 1, 3, 2.0
deposit, 1, 1, 1.0 
deposit, 2, 2, 2.0
deposit, 1, 3, 2.0 
deposit, 1, 1, 1.0 
deposit, 2, 2, 2.0
deposit, 1, 3, 2.0
deposit, 1, 1, 1.0 
deposit, 2, 2, 2.0
deposit, 1, 3, 2.0 
deposit, 1, 1, 1.0 
deposit, 2, 2, 2.0
deposit, 1, 3, 2.0
deposit, 1, 1, 1.0 
deposit, 2, 2, 2.0
deposit, 1, 3, 2.0 
deposit, 1, 1, 1.0 
deposit, 2, 2, 2.0
deposit, 1, 3, 2.0
deposit, 1, 1, 1.0 
deposit, 2, 2, 2.0
deposit, 1, 3, 2.0 
deposit, 1, 1, 1.0 
deposit, 2, 2, 2.0
deposit, 1, 3, 2.0
deposit, 1, 1, 1.0 
deposit, 2, 2, 2.0
deposit, 1, 3, 2.0 
deposit, 1, 1, 1.0 
deposit, 2, 2, 2.0
deposit, 1, 3, 2.0
deposit, 1, 1, 1.0 
deposit, 2, 2, 2.0
deposit, 1, 3, 2.0 
deposit, 1, 1, 1.0 
deposit, 2, 2, 2.0
deposit, 1, 3, 2.0
deposit, 1, 1, 1.0 
deposit, 2, 2, 2.0
deposit, 1, 3, 2.0 
deposit, 1, 1, 1.0 
deposit, 2, 2, 2.0
deposit, 1, 3, 2.0
deposit, 1, 1, 1.0 
deposit, 2, 2, 2.0
deposit, 1, 3, 2.0 
deposit, 1, 1, 1.0 
deposit, 2, 2, 2.0
deposit, 1, 3, 2.0
deposit, 1, 1, 1.0 
deposit, 2, 2, 2.0
deposit, 1, 3, 2.0 
deposit, 1, 1, 1.0 
deposit, 2, 2, 2.0
deposit, 1, 3, 2.0
deposit, 1, 1, 1.0 
deposit, 2, 2, 2.0
deposit, 1, 3, 2.0 
deposit, 1, 1, 1.0 
deposit, 2, 2, 2.0
deposit, 1, 3, 2.0
deposit, 1, 1, 1.0 
deposit, 2, 2, 2.0
deposit, 1, 3, 2.0 
deposit, 1, 1, 1.0 
deposit, 2, 2, 2.0
deposit, 1, 3, 2.0
deposit, 1, 1, 1.0 
deposit, 2, 2, 2.0
deposit, 1, 3, 2.0 
deposit, 1, 1, 1.0 
deposit, 2, 2, 2.0
deposit, 1, 3, 2.0
deposit, 1, 1, 1.0 
deposit, 2, 2, 2.0
deposit, 1, 3, 2.0 
deposit, 1, 1, 1.0 
deposit, 2, 2, 2.0
deposit, 1, 3, 2.0
deposit, 1, 1, 1.0 
deposit, 2, 2, 2.0
deposit, 1, 3, 2.0 
deposit, 1, 1, 1.0 
deposit, 2, 2, 2.0
deposit, 1, 3, 2.0
deposit, 1, 1, 1.0 
deposit, 2, 2, 2.0
deposit, 1, 3, 2.0 
deposit, 1, 1, 1.0 
deposit, 2, 2, 2.0
deposit, 1, 3, 2.0
deposit, 1, 1, 1.0 
deposit, 2, 2, 2.0
deposit, 1, 3, 2.0 
deposit, 1, 1, 1.0 
deposit, 2, 2, 2.0
deposit, 1, 3, 2.0
deposit, 1, 1, 1.0 
deposit, 2, 2, 2.0
deposit, 1, 3, 2.0 
deposit, 1, 1, 1.0 
deposit, 2, 2, 2.0
deposit, 1, 3, 2.0
deposit, 1, 1, 1.0 
deposit, 2, 2, 2.0
deposit, 1, 3, 2.0 
deposit, 1, 1, 1.0 
deposit, 2, 2, 2.0
deposit, 1, 3, 2.0
deposit, 1, 1, 1.0 
deposit, 2, 2, 2.0
deposit, 1, 3, 2.0 
deposit, 1, 1, 1.0 
deposit, 2, 2, 2.0
deposit, 1, 3, 2.0
deposit, 1, 1, 1.0 
deposit, 2, 2, 2.0
deposit, 1, 3, 2.0 
deposit, 1, 1, 1.0 
deposit, 2, 2, 2.0
deposit, 1, 3, 2.0
deposit, 1, 1, 1.0 
deposit, 2, 2, 2.0
deposit, 1, 3, 2.0 
deposit, 1, 1, 1.0 
deposit, 2, 2, 2.0
deposit, 1, 3, 2.0
deposit, 1, 1, 1.0 
deposit, 2, 2, 2.0
deposit, 1, 3, 2.0 
deposit, 1, 1, 1.0 
deposit, 2, 2, 2.0
deposit, 1, 3, 2.0
deposit, 1, 1, 1.0 
deposit, 2, 2, 2.0
deposit, 1, 3, 2.0 
deposit, 1, 1, 1.0 
deposit, 2, 2, 2.0
deposit, 1, 3, 2.0
deposit, 1, 1, 1.0 
deposit, 2, 2, 2.0
deposit, 1, 3, 2.0 
deposit, 1, 1, 1.0 
deposit, 2, 2, 2.0
deposit, 1, 3, 2.0
deposit, 1, 1, 1.0 
deposit, 2, 2, 2.0
deposit, 1, 3, 2.0 
deposit, 1, 1, 1.0 
deposit, 2, 2, 2.0
deposit, 1, 3, 2.0
deposit, 1, 1, 1.0 
deposit, 2, 2, 2.0
deposit, 1, 3, 2.0 
deposit, 1, 1, 1.0 
deposit, 2, 2, 2.0
deposit, 1, 3, 2.0
deposit, 1, 1, 1.0 
deposit, 2, 2, 2.0
deposit, 1, 3, 2.0 
deposit, 1, 1, 1.0 
deposit, 2, 2, 2.0
deposit, 1, 3, 2.0
deposit, 1, 1, 1.0 
deposit, 2, 2, 2.0
deposit, 1, 3, 2.0 
deposit, 1, 1, 1.0 
deposit, 2, 2, 2.0
deposit, 1, 3, 2.0
deposit, 1, 1, 1.0 
deposit, 2, 2, 2.0
deposit, 1, 3, 2.0 
deposit, 1, 1, 1.0 
deposit, 2, 2, 2.0
deposit, 1, 3, 2.0
deposit, 1, 1, 1.0 
deposit, 2, 2, 2.0
deposit, 1, 3, 2.0 
deposit, 1, 1, 1.0 
deposit, 2, 2, 2.0
deposit, 1, 3, 2.0
deposit, 1, 1, 1.0 
deposit, 2, 2, 2.0
deposit, 1, 3, 2.0 
deposit, 1, 1, 1.0 
deposit, 2, 2, 2.0
deposit, 1, 3, 2.0
deposit, 1, 1, 1.0 
deposit, 2, 2, 2.0
deposit, 1, 3, 2.0 
deposit, 1, 1, 1.0 
deposit, 2, 2, 2.0
deposit, 1, 3, 2.0
deposit, 1, 1, 1.0 
deposit, 2, 2, 2.0
deposit, 1, 3, 2.0 
deposit, 1, 1, 1.0 
deposit, 2, 2, 2.0
deposit, 1, 3, 2.0
deposit, 1, 1, 1.0 
deposit, 2, 2, 2.0
deposit, 1, 3, 2.0 
deposit, 1, 1, 1.0 
deposit, 2, 2, 2.0
deposit, 1, 3, 2.0
deposit, 1, 1, 1.0 
deposit, 2, 2, 2.0
deposit, 1, 3, 2.0 
deposit, 1, 1, 1.0 
deposit, 2, 2, 2.0
deposit, 1, 3, 2.0
deposit, 1, 1, 1.0 
deposit, 2, 2, 2.0
deposit, 1, 3, 2.0 
deposit, 1, 1, 1.0 
deposit, 2, 2, 2.0
deposit, 1, 3, 2.0
deposit, 1, 1, 1.0 
deposit, 2, 2, 2.0
deposit, 1, 3, 2.0 
deposit, 1, 1, 1.0 
deposit, 2, 2, 2.0
deposit, 1, 3, 2.0
deposit, 1, 1, 1.0 
deposit, 2, 2, 2.0
deposit, 1, 3, 2.0 
deposit, 1, 1, 1.0 
deposit, 2, 2, 2.0
deposit, 1, 3, 2.0
deposit, 1, 1, 1.0 
deposit, 2, 2, 2.0
deposit, 1, 3, 2.0 
deposit, 1, 1, 1.0 
deposit, 2, 2, 2.0
deposit, 1, 3, 2.0
deposit, 1, 1, 1.0 
deposit, 2, 2, 2.0
deposit, 1, 3, 2.0 
deposit, 1, 1, 1.0 
deposit, 2, 2, 2.0
deposit, 1, 3, 2.0
deposit, 1, 1, 1.0 
deposit, 2, 2, 2.0
deposit, 1, 3, 2.0 
deposit, 1, 1, 1.0 
deposit, 2, 2, 2.0
deposit, 1, 3, 2.0
deposit, 1, 1, 1.0 
deposit, 2, 2, 2.0
deposit, 1, 3, 2.0 
deposit, 1, 1, 1.0 
deposit, 2, 2, 2.0
deposit, 1, 3, 2.0
deposit, 1, 1, 1.0 
deposit, 2, 2, 2.0
deposit, 1, 3, 2.0 
deposit, 1, 1, 1.0 
deposit, 2, 2, 2.0
deposit, 1, 3, 2.0
deposit, 1, 1, 1.0 
deposit, 2, 2, 2.0
deposit, 1, 3, 2.0 
deposit, 1, 1, 1.0 
deposit, 2, 2, 2.0
deposit, 1, 3, 2.0
deposit, 1, 1, 1.0 
deposit, 2, 2, 2.0
deposit, 1, 3, 2.0 
deposit, 1, 1, 1.0 
deposit, 2, 2, 2.0
deposit, 1, 3, 2.0
deposit, 1, 1, 1.0 
deposit, 2, 2, 2.0
deposit, 1, 3, 2.0 
deposit, 1, 1, 1.0 
deposit, 2, 2, 2.0
deposit, 1, 3, 2.0
deposit, 1, 1, 1.0 
deposit, 2, 2, 2.0
deposit, 1, 3, 2.0 
deposit, 1, 1, 1.0 
deposit, 2, 2, 2.0
deposit, 1, 3, 2.0
deposit, 1, 1, 1.0 
deposit, 2, 2, 2.0
deposit, 1, 3, 2.0 
deposit, 1, 1, 1.0 
deposit, 2, 2, 2.0
deposit, 1, 3, 2.0
deposit, 1, 1, 1.0 
deposit, 2, 2, 2.0
deposit, 1, 3, 2.0 
deposit, 1, 1, 1.0 
deposit, 2, 2, 2.0
deposit, 1, 3, 2.0
deposit, 1, 1, 1.0 
deposit, 2, 2, 2.0
deposit, 1, 3, 2.0 
deposit, 1, 1, 1.0 
deposit, 2, 2, 2.0
deposit, 1, 3, 2.0
deposit, 1, 1, 1.0 
deposit, 2, 2, 2.0
deposit, 1, 3, 2.0 
deposit, 1, 1, 1.0 
deposit, 2, 2, 2.0
deposit, 1, 3, 2.0
deposit, 1, 1, 1.0 
deposit, 2, 2, 2.0
deposit, 1, 3, 2.0 
deposit, 1, 1, 1.0 
deposit, 2, 2, 2.0
deposit, 1, 3, 2.0
deposit, 1, 1, 1.0 
deposit, 2, 2, 2.0
deposit, 1, 3, 2.0 
deposit, 1, 1, 1.0 
deposit, 2, 2, 2.0
deposit, 1, 3, 2.0
deposit, 1, 1, 1.0 
deposit, 2, 2, 2.0
deposit, 1, 3, 2.0 
deposit, 1, 1, 1.0 
deposit, 2, 2, 2.0
deposit, 1, 3, 2.0
deposit, 1, 1, 1.0 
deposit, 2, 2, 2.0
deposit, 1, 3, 2.0 
deposit, 1, 1, 1.0 
deposit, 2, 2, 2.0
deposit, 1, 3, 2.0
deposit, 1, 1, 1.0 
deposit, 2, 2, 2.0
deposit, 1, 3, 2.0 
deposit, 1, 1, 1.0 
deposit, 2, 2, 2.0
deposit, 1, 3, 2.0
deposit, 1, 1, 1.0 
deposit, 2, 2, 2.0
deposit, 1, 3, 2.0 
deposit, 1, 1, 1.0 
deposit, 2, 2, 2.0
deposit, 1, 3, 2.0
deposit, 1, 1, 1.0 
deposit, 2, 2, 2.0
deposit, 1, 3, 2.0 
deposit, 1, 1, 1.0 
deposit, 2, 2, 2.0
deposit, 1, 3, 2.0
deposit, 1, 1, 1.0 
deposit, 2, 2, 2.0
deposit, 1, 3, 2.0 
deposit, 1, 1, 1.0 
deposit, 2, 2, 2.0
deposit, 1, 3, 2.0
deposit, 1, 1, 1.0 
deposit, 2, 2, 2.0
deposit, 1, 3, 2.0 
deposit, 1, 1, 1.0 
deposit, 2, 2, 2.0
deposit, 1, 3, 2.0
deposit, 1, 1, 1.0 
deposit, 2, 2, 2.0
deposit, 1, 3, 2.0 
deposit, 1, 1, 1.0 
deposit, 2, 2, 2.0
deposit, 1, 3, 2.0
deposit, 1, 1, 1.0 
deposit, 2, 2, 2.0
deposit, 1, 3, 2.0 
deposit, 1, 1, 1.0 
deposit, 2, 2, 2.0
deposit, 1, 3, 2.0
deposit, 1, 1, 1.0 
deposit, 2, 2, 2.0
deposit, 1, 3, 2.0 
deposit, 1, 1, 1.0 
deposit, 2, 2, 2.0
deposit, 1, 3, 2.0
deposit, 1, 1, 1.0 
deposit, 2, 2, 2.0
deposit, 1, 3, 2.0 
deposit, 1, 1, 1.0 
deposit, 2, 2, 2.0
deposit, 1, 3, 2.0
deposit, 1, 1, 1.0 
deposit, 2, 2, 2.0
deposit, 1, 3, 2.0 
deposit, 1, 1, 1.0 
deposit, 2, 2, 2.0
deposit, 1, 3, 2.0
deposit, 1, 1, 1.0 
deposit, 2, 2, 2.0
deposit, 1, 3, 2.0 
deposit, 1, 1, 1.0 
deposit, 2, 2, 2.0
deposit, 1, 3, 2.0
deposit, 1, 1, 1.0 
deposit, 2, 2, 2.0
deposit, 1, 3, 2.0 
deposit, 1, 1, 1.0 
deposit, 2, 2, 2.0
deposit, 1, 3, 2.0
deposit, 1, 1, 1.0 
deposit, 2, 2, 2.0
deposit, 1, 3, 2.0 
deposit, 1, 1, 1.0 
deposit, 2, 2, 2.0
deposit, 1, 3, 2.0
deposit, 1, 1, 1.0 
deposit, 2, 2, 2.0
deposit, 1, 3, 2.0 
deposit, 1, 1, 1.0 
deposit, 2, 2, 2.0
deposit, 1, 3, 2.0
deposit, 1, 1, 1.0 
deposit, 2, 2, 2.0
deposit, 1, 3, 2.0 
deposit, 1, 1, 1.0 
deposit, 2, 2, 2.0
deposit, 1, 3, 2.0
deposit, 1, 1, 1.0 
deposit, 2, 2, 2.0
deposit, 1, 3, 2.0 
deposit, 1, 1, 1.0 
deposit, 2, 2, 2.0
deposit, 1, 3, 2.0
deposit, 1, 1, 1.0 
deposit, 2, 2, 2.0
deposit, 1, 3, 2.0 
deposit, 1, 1, 1.0 
deposit, 2, 2, 2.0
deposit, 1, 3, 2.0
deposit, 1, 1, 1.0 
deposit, 2, 2, 2.0
deposit, 1, 3, 2.0 
deposit, 1, 1, 1.0 
deposit, 2, 2, 2.0
deposit, 1, 3, 2.0
deposit, 1, 1, 1.0 
deposit, 2, 2, 2.0
deposit, 1, 3, 2.0 
deposit, 1, 1, 1.0 
deposit, 2, 2, 2.0
deposit, 1, 3, 2.0
deposit, 1, 1, 1.0 
deposit, 2, 2, 2.0
deposit, 1, 3, 2.0 
deposit, 1, 1, 1.0 
deposit, 2, 2, 2.0
deposit, 1, 3, 2.0
deposit, 1, 1, 1.0 
deposit, 2, 2, 2.0
deposit, 1, 3, 2.0 
deposit, 1, 1, 1.0 
deposit, 2, 2, 2.0
deposit, 1, 3, 2.0
deposit, 1, 1, 1.0 
deposit, 2, 2, 2.0
deposit, 1, 3, 2.0 
deposit, 1, 1, 1.0 
deposit, 2, 2, 2.0
deposit, 1, 3, 2.0
deposit, 1, 1, 1.0 
deposit, 2, 2, 2.0
deposit, 1, 3, 2.0 
deposit, 1, 1, 1.0 
deposit, 2, 2, 2.0
deposit, 1, 3, 2.0
deposit, 1, 1, 1.0 
deposit, 2, 2, 2.0
deposit, 1, 3, 2.0 
deposit, 1, 1, 1.0 
deposit, 2, 2, 2.0
deposit, 1, 3, 2.0
deposit, 1, 1, 1.0 
deposit, 2, 2, 2.0
deposit, 1, 3, 2.0 
deposit, 1, 1, 1.0 
deposit, 2, 2, 2.0
deposit, 1, 3, 2.0
deposit, 1, 1, 1.0 
deposit, 2, 2, 2.0
deposit, 1, 3, 2.0 
deposit, 1, 1, 1.0 
deposit, 2, 2, 2.0
deposit, 1, 3, 2.0
deposit, 1, 1, 1.0 
deposit, 2, 2, 2.0
deposit, 1, 3, 2.0 
deposit, 1, 1, 1.0 
deposit, 2, 2, 2.0
deposit, 1, 3, 2.0
deposit, 1, 1, 1.0 
deposit, 2, 2, 2.0
deposit, 1, 3, 2.0 
deposit, 1, 1, 1.0 
deposit, 2, 2, 2.0
deposit, 1, 3, 2.0
deposit, 1, 1, 1.0 
deposit, 2, 2, 2.0
deposit, 1, 3, 2.0 
deposit, 1, 1, 1.0 
deposit, 2, 2, 2.0
deposit, 1, 3, 2.0
deposit, 1, 1, 1.0 
deposit, 2, 2, 2.0
deposit, 1, 3, 2.0 
deposit, 1, 1, 1.0 
deposit, 2, 2, 2.0
deposit, 1, 3, 2.0
deposit, 1, 1, 1.0 
deposit, 2, 2, 2.0
deposit, 1, 3, 2.0 
deposit, 1, 1, 1.0 
deposit, 2, 2, 2.0
deposit, 1, 3, 2.0
deposit, 1, 1, 1.0 
deposit, 2, 2, 2.0
deposit, 1, 3, 2.0 
deposit, 1, 1, 1.0 
deposit, 2, 2, 2.0
deposit, 1, 3, 2.0
deposit, 1, 1, 1.0 
deposit, 2, 2, 2.0
deposit, 1, 3, 2.0 
deposit, 1, 1, 1.0 
deposit, 2, 2, 2.0
deposit, 1, 3, 2.0
deposit, 1, 1, 1.0 
deposit, 2, 2, 2.0
deposit, 1, 3, 2.0 
deposit, 1, 1, 1.0 
deposit, 2, 2, 2.0
deposit, 1, 3, 2.0
deposit, 1, 1, 1.0 
deposit, 2, 2, 2.0
deposit, 1, 3, 2.0 
deposit, 1, 1, 1.0 
deposit, 2, 2, 2.0
deposit, 1, 3, 2.0
deposit, 1, 1, 1.0 
deposit, 2, 2, 2.0
deposit, 1, 3, 2.0 
deposit, 1, 1, 1.0 
deposit, 2, 2, 2.0
deposit, 1, 3, 2.0
deposit, 1, 1, 1.0 
deposit, 2, 2, 2.0
deposit, 1, 3, 2.0 
deposit, 1, 1, 1.0 
deposit, 2, 2, 2.0
deposit, 1, 3, 2.0
deposit, 1, 1, 1.0 
deposit, 2, 2, 2.0
deposit, 1, 3, 2.0 
deposit, 1, 1, 1.0 
deposit, 2, 2, 2.0
deposit, 1, 3, 2.0
deposit, 1, 1, 1.0 
deposit, 2, 2, 2.0
deposit, 1, 3, 2.0 
deposit, 1, 1, 1.0 
deposit, 2, 2, 2.0
deposit, 1, 3, 2.0
deposit, 1, 1, 1.0 
deposit, 2, 2, 2.0
deposit, 1, 3, 2.0 
deposit, 1, 1, 1.0 
deposit, 2, 2, 2.0
deposit, 1, 3, 2.0
deposit, 1, 1, 1.0 
deposit, 2, 2, 2.0
deposit, 1, 3, 2.0 
deposit, 1, 1, 1.0 
deposit, 2, 2, 2.0
deposit, 1, 3, 2.0
deposit, 1, 1, 1.0 
deposit, 2, 2, 2.0
deposit, 1, 3, 2.0 
deposit, 1, 1, 1.0 
deposit, 2, 2, 2.0
deposit, 1, 3, 2.0
deposit, 1, 1, 1.0 
deposit, 2, 2, 2.0
deposit, 1, 3, 2.0 
deposit, 1, 1, 1.0 
deposit, 2, 2, 2.0
deposit, 1, 3, 2.0
deposit, 1, 1, 1.0 
deposit, 2, 2, 2.0
deposit, 1, 3, 2.0 
deposit, 1, 1, 1.0 
deposit, 2, 2, 2.0
deposit, 1, 3, 2.0
deposit, 1, 1, 1.0 
deposit, 2, 2, 2.0
deposit, 1, 3, 2.0 
deposit, 1, 1, 1.0 
deposit, 2, 2, 2.0
deposit, 1, 3, 2.0
deposit, 1, 1, 1.0 
deposit, 2, 2, 2.0
deposit, 1, 3, 2.0 
deposit, 1, 1, 1.0 
deposit, 2, 2, 2.0
deposit, 1, 3, 2.0
deposit, 1, 1, 1.0 
deposit, 2, 2, 2.0
deposit, 1, 3, 2.0 
deposit, 1, 1, 1.0 
deposit, 2, 2, 2.0
deposit, 1, 3, 2.0
deposit, 1, 1, 1.0 
deposit, 2, 2, 2.0
deposit, 1, 3, 2.0 
deposit, 1, 1, 1.0 
deposit, 2, 2, 2.0
deposit, 1, 3, 2.0
deposit, 1, 1, 1.0 
deposit, 2, 2, 2.0
deposit, 1, 3, 2.0 
deposit, 1, 1, 1.0 
deposit, 2, 2, 2.0
deposit, 1, 3, 2.0
deposit, 1, 1, 1.0 
deposit, 2, 2, 2.0
deposit, 1, 3, 2.0 
deposit, 1, 1, 1.0 
deposit, 2, 2, 2.0
deposit, 1, 3, 2.0
deposit, 1, 1, 1.0 
deposit, 2, 2, 2.0
deposit, 1, 3, 2.0 
deposit, 1, 1, 1.0 
deposit, 2, 2, 2.0
deposit, 1, 3, 2.0
deposit, 1, 1, 1.0 
deposit, 2, 2, 2.0
deposit, 1, 3, 2.0 
deposit, 1, 1, 1.0 
deposit, 2, 2, 2.0
deposit, 1, 3, 2.0
deposit, 1, 1, 1.0 
deposit, 2, 2, 2.0
deposit, 1, 3, 2.0 
deposit, 1, 1, 1.0 
deposit, 2, 2, 2.0
deposit, 1, 3, 2.0
deposit, 1, 1, 1.0 
deposit, 2, 2, 2.0
deposit, 1, 3, 2.0 
deposit, 1, 1, 1.0 
deposit, 2, 2, 2.0
deposit, 1, 3, 2.0
deposit, 1, 1, 1.0 
deposit, 2, 2, 2.0
deposit, 1, 3, 2.0 
deposit, 1, 1, 1.0 
deposit, 2, 2, 2.0
deposit, 1, 3, 2.0
deposit, 1, 1, 1.0 
deposit, 2, 2, 2.0
deposit, 1, 3, 2.0 
deposit, 1, 1, 1.0 
deposit, 2, 2, 2.0
deposit, 1, 3, 2.0
deposit, 1, 1, 1.0 
deposit, 2, 2, 2.0
deposit, 1, 3, 2.0 
deposit, 1, 1, 1.0 
deposit, 2, 2, 2.0
deposit, 1, 3, 2.0
deposit, 1, 1, 1.0 
deposit, 2, 2, 2.0
deposit, 1, 3, 2.0 
deposit, 1, 1, 1.0 
deposit, 2, 2, 2.0
deposit, 1, 3, 2.0
deposit, 1, 1, 1.0 
deposit, 2, 2, 2.0
deposit, 1, 3, 2.0 
deposit, 1, 1, 1.0 
deposit, 2, 2, 2.0
deposit, 1, 3, 2.0
deposit, 1, 1, 1.0 
deposit, 2, 2, 2.0
deposit, 1, 3, 2.0 
deposit, 1, 1, 1.0 
deposit, 2, 2, 2.0
deposit, 1, 3, 2.0
deposit, 1, 1, 1.0 
deposit, 2, 2, 2.0
deposit, 1, 3, 2.0 
deposit, 1, 1, 1.0 
deposit, 2, 2, 2.0
deposit, 1, 3, 2.0
deposit, 1, 1, 1.0 
deposit, 2, 2, 2.0
deposit, 1, 3, 2.0 
deposit, 1, 1, 1.0 
deposit, 2, 2, 2.0
deposit, 1, 3, 2.0
deposit, 1, 1, 1.0 
deposit, 2, 2, 2.0
deposit, 1, 3, 2.0 
deposit, 1, 1, 1.0 
deposit, 2, 2, 2.0
deposit, 1, 3, 2.0
deposit, 1, 1, 1.0 
deposit, 2, 2, 2.0
deposit, 1, 3, 2.0 
deposit, 1, 1, 1.0 
deposit, 2, 2, 2.0
deposit, 1, 3, 2.0
deposit, 1, 1, 1.0 
deposit, 2, 2, 2.0
deposit, 1, 3, 2.0 
deposit, 1, 1, 1.0 
deposit, 2, 2, 2.0
deposit, 1, 3, 2.0
deposit, 1, 1, 1.0 
deposit, 2, 2, 2.0
deposit, 1, 3, 2.0 
deposit, 1, 1, 1.0 
deposit, 2, 2, 2.0
deposit, 1, 3, 2.0
deposit, 1, 1, 1.0 
deposit, 2, 2, 2.0
deposit, 1, 3, 2.0 
deposit, 1, 1, 1.0 
deposit, 2, 2, 2.0
deposit, 1, 3, 2.0
deposit, 1, 1, 1.0 
deposit, 2, 2, 2.0
deposit, 1, 3, 2.0 
deposit, 1, 1, 1.0 
deposit, 2, 2, 2.0
deposit, 1, 3, 2.0
deposit, 1, 1, 1.0 
deposit, 2, 2, 2.0
deposit, 1, 3, 2.0 
deposit, 1, 1, 1.0 
deposit, 2, 2, 2.0
deposit, 1, 3, 2.0
deposit, 1, 1, 1.0 
deposit, 2, 2, 2.0
deposit, 1, 3, 2.0 
deposit, 1, 1, 1.0 
deposit, 2, 2, 2.0
deposit, 1, 3, 2.0
deposit, 1, 1, 1.0 
deposit, 2, 2, 2.0
deposit, 1, 3, 2.0 
deposit, 1, 1, 1.0 
deposit, 2, 2, 2.0
deposit, 1, 3, 2.0
deposit, 1, 1, 1.0 
deposit, 2, 2, 2.0
deposit, 1, 3, 2.0 
deposit, 1, 1, 1.0 
deposit, 2, 2, 2.0
deposit, 1, 3, 2.0
deposit, 1, 1, 1.0 
deposit, 2, 2, 2.0
deposit, 1, 3, 2.0 
deposit, 1, 1, 1.0 
deposit, 2, 2, 2.0
deposit, 1, 3, 2.0
deposit, 1, 1, 1.0 
deposit, 2, 2, 2.0
deposit, 1, 3, 2.0 
deposit, 1, 1, 1.0 
deposit, 2, 2, 2.0
deposit, 1, 3, 2.0
deposit, 1, 1, 1.0 
deposit, 2, 2, 2.0
deposit, 1, 3, 2.0 
deposit, 1, 1, 1.0 
deposit, 2, 2, 2.0
deposit, 1, 3, 2.0
deposit, 1, 1, 1.0 
deposit, 2, 2, 2.0
deposit, 1, 3, 2.0 
deposit, 1, 1, 1.0 
deposit, 2, 2, 2.0
deposit, 1, 3, 2.0
deposit, 1, 1, 1.0 
deposit, 2, 2, 2.0
deposit, 1, 3, 2.0 
deposit, 1, 1, 1.0 
deposit, 2, 2, 2.0
deposit, 1, 3, 2.0
deposit, 1, 1, 1.0 
deposit, 2, 2, 2.0
deposit, 1, 3, 2.0 
deposit, 1, 1, 1.0 
deposit, 2, 2, 2.0
deposit, 1, 3, 2.0
deposit, 1, 1, 1.0 
deposit, 2, 2, 2.0
deposit, 1, 3, 2.0 
deposit, 1, 1, 1.0 
deposit, 2, 2, 2.0
deposit, 1, 3, 2.0
deposit, 1, 1, 1.0 
deposit, 2, 2, 2.0
deposit, 3, 3, 2.0 
deposit, 1, 1, 1.0 
deposit, 2, 2, 2.0
deposit, 1, 3, 2.0
deposit, 1, 1, 1.0 
deposit, 2, 2, 2.0
deposit, 1, 3, 2.0 
deposit, 1, 1, 1.0 
deposit, 2, 2, 2.0
deposit, 1, 3, 2.0
deposit, 1, 1, 1.0 
deposit, 2, 2, 2.0
deposit, 1, 3, 2.0 
deposit, 1, 1, 1.0 
deposit, 2, 2, 2.0
deposit, 1, 3, 2.0
deposit, 1, 1, 1.0 
deposit, 2, 2, 2.0
deposit, 1, 3, 2.0 
deposit, 1, 1, 1.0 
deposit, 2, 2, 2.0
deposit, 1, 3, 2.0
withdrawal, 1, 4, 1.5 
withdrawal, 2, 5, 3.0
deposit, 1, 1, 1.0 
deposit, 2, 2, 2.0
deposit, 1, 3, 2.0 
withdrawal, 1, 4, 1.5 
withdrawal, 2, 5, 3.0
deposit, 1, 1, 1.0 
deposit, 2, 2, 2.0
deposit, 1, 3, 2.0 
withdrawal, 1, 4, 1.5 
withdrawal, 2, 5, 3.0
deposit, 1, 1, 1.0 
deposit, 2, 2, 2.0
deposit, 1, 3, 2.0 
withdrawal, 1, 4, 1.5 
withdrawal, 2, 5, 3.0
deposit, 1, 1, 1.0 
deposit, 2, 2, 2.0
deposit, 1, 3, 2.0 
withdrawal, 1, 4, 1.5 
withdrawal, 2, 5, 3.0
deposit, 1, 1, 1.0 
deposit, 2, 2, 2.0
deposit, 1, 3, 2.0 
withdrawal, 1, 4, 1.5 
withdrawal, 2, 5, 3.0
deposit, 1, 1, 1.0 
deposit, 2, 2, 2.0
deposit, 1, 3, 2.0 
withdrawal, 1, 4, 1.5 
withdrawal, 2, 5, 3.0
deposit, 1, 1, 1.0 
deposit, 2, 2, 2.0
deposit, 1, 3, 2.0 
withdrawal, 1, 4, 1.5 
withdrawal, 2, 5, 3.0
deposit, 1, 1, 1.0 
deposit, 2, 2, 2.0
deposit, 1, 3, 2.0 
withdrawal, 1, 4, 1.5 
withdrawal, 2, 5, 3.0
deposit, 1, 1, 1.0 
deposit, 2, 2, 2.0
deposit, 1, 3, 2.0 
withdrawal, 1, 4, 1.5 
withdrawal, 2, 5, 3.0
deposit, 1, 1, 1.0 
deposit, 2, 2, 2.0
deposit, 1, 3, 2.0 
withdrawal, 1, 4, 1.5 
withdrawal, 2, 5, 3.0
deposit, 1, 1, 1.0 
deposit, 2, 2, 2.0
deposit, 1, 3, 2.0 
withdrawal, 1, 4, 1.5 
withdrawal, 2, 5, 3.0
deposit, 1, 1, 1.0 
deposit, 2, 2, 2.0
deposit, 1, 3, 2.0 
withdrawal, 1, 4, 1.5 
withdrawal, 2, 5, 3.0
deposit, 1, 1, 1.0 
deposit, 2, 2, 2.0
deposit, 1, 3, 2.0 
withdrawal, 1, 4, 1.5 
withdrawal, 2, 5, 3.0
deposit, 1, 1, 1.0 
deposit, 2, 2, 2.0
deposit, 1, 3, 2.0 
withdrawal, 1, 4, 1.5 
withdrawal, 2, 5, 3.0
deposit, 1, 1, 1.0 
deposit, 2, 2, 2.0
deposit, 1, 3, 2.0 
withdrawal, 1, 4, 1.5 
withdrawal, 2, 5, 3.0
deposit, 1, 1, 1.0 
deposit, 2, 2, 2.0
deposit, 1, 3, 2.0 
withdrawal, 1, 4, 1.5 
withdrawal, 2, 5, 3.0
deposit, 1, 1, 1.0 
deposit, 2, 2, 2.0
deposit, 1, 3, 2.0 
withdrawal, 1, 4, 1.5 
withdrawal, 2, 5, 3.0
deposit, 1, 1, 1.0 
deposit, 2, 2, 2.0
deposit, 1, 3, 2.0 
withdrawal, 1, 4, 1.5 
withdrawal, 2, 5, 3.0
deposit, 1, 1, 1.0 
deposit, 2, 2, 2.0
deposit, 1, 3, 2.0 
withdrawal, 1, 4, 1.5 
withdrawal, 2, 5, 3.0
deposit, 1, 1, 1.0 
deposit, 2, 2, 2.0
deposit, 1, 3, 2.0 
withdrawal, 1, 4, 1.5 
withdrawal, 2, 5, 3.0
deposit, 1, 1, 1.0 
deposit, 2, 2, 2.0
deposit, 1, 3, 2.0 
withdrawal, 1, 4, 1.5 
withdrawal, 2, 5, 3.0
deposit, 1, 1, 1.0 
deposit, 2, 2, 2.0
deposit, 1, 3, 2.0 
withdrawal, 1, 4, 1.5 
withdrawal, 2, 5, 3.0
deposit, 1, 1, 1.0 
deposit, 2, 2, 2.0
deposit, 1, 3, 2.0 
withdrawal, 1, 4, 1.5 
withdrawal, 2, 5, 3.0
deposit, 1, 1, 1.0 
deposit, 2, 2, 2.0
deposit, 1, 3, 2.0 
withdrawal, 1, 4, 1.5 
withdrawal, 2, 5, 3.0
deposit, 1, 1, 1.0 
deposit, 2, 2, 2.0
deposit, 1, 3, 2.0 
withdrawal, 1, 4, 1.5 
withdrawal, 2, 5, 3.0
deposit, 1, 1, 1.0 
deposit, 2, 2, 2.0
deposit, 1, 3, 2.0 
withdrawal, 1, 4, 1.5 
withdrawal, 2, 5, 3.0
deposit, 1, 1, 1.0 
deposit, 2, 2, 2.0
deposit, 1, 3, 2.0 
withdrawal, 1, 4, 1.5 
withdrawal, 2, 5, 3.0
deposit, 1, 1, 1.0 
deposit, 2, 2, 2.0
deposit, 1, 3, 2.0 
withdrawal, 1, 4, 1.5 
withdrawal, 2, 5, 3.0
deposit, 1, 1, 1.0 
deposit, 2, 2, 2.0
deposit, 1, 3, 2.0 
withdrawal, 1, 4, 1.5 
withdrawal, 2, 5, 3.0
deposit, 1, 1, 1.0 
deposit, 2, 2, 2.0
deposit, 1, 3, 2.0 
withdrawal, 1, 4, 1.5 
withdrawal, 2, 5, 3.0
deposit, 1, 1, 1.0 
deposit, 2, 2, 2.0
deposit, 1, 3, 2.0 
withdrawal, 1, 4, 1.5 
withdrawal, 2, 5, 3.0
deposit, 1, 1, 1.0 
deposit, 2, 2, 2.0
deposit, 1, 3, 2.0 
withdrawal, 1, 4, 1.5 
withdrawal, 2, 5, 3.0
deposit, 1, 1, 1.0 
deposit, 2, 2, 2.0
deposit, 1, 3, 2.0 
withdrawal, 1, 4, 1.5 
withdrawal, 2, 5, 3.0
deposit, 1, 1, 1.0 
deposit, 2, 2, 2.0
deposit, 1, 3, 2.0 
withdrawal, 1, 4, 1.5 
withdrawal, 2, 5, 3.0
deposit, 1, 1, 1.0 
deposit, 2, 2, 2.0
deposit, 1, 3, 2.0 
withdrawal, 1, 4, 1.5 
withdrawal, 2, 5, 3.0
deposit, 1, 1, 1.0 
deposit, 2, 2, 2.0
deposit, 1, 3, 2.0 
withdrawal, 1, 4, 1.5 
withdrawal, 2, 5, 3.0
deposit, 1, 1, 1.0 
deposit, 2, 2, 2.0
deposit, 1, 3, 2.0 
withdrawal, 1, 4, 1.5 
withdrawal, 2, 5, 3.0
deposit, 1, 1, 1.0 
deposit, 2, 2, 2.0
deposit, 1, 3, 2.0 
withdrawal, 1, 4, 1.5 
withdrawal, 2, 5, 3.0
deposit, 1, 1, 1.0 
deposit, 2, 2, 2.0
deposit, 1, 3, 2.0 
withdrawal, 1, 4, 1.5 
withdrawal, 2, 5, 3.0
deposit, 1, 1, 1.0 
deposit, 2, 2, 2.0
deposit, 1, 3, 2.0 
withdrawal, 1, 4, 1.5 
withdrawal, 2, 5, 3.0
deposit, 1, 1, 1.0 
deposit, 2, 2, 2.0
deposit, 1, 3, 2.0 
withdrawal, 1, 4, 1.5 
withdrawal, 2, 5, 3.0
deposit, 1, 1, 1.0 
deposit, 2, 2, 2.0
deposit, 1, 3, 2.0 
withdrawal, 1, 4, 1.5 
withdrawal, 2, 5, 3.0
deposit, 1, 1, 1.0 
deposit, 2, 2, 2.0
deposit, 1, 3, 2.0 
withdrawal, 1, 4, 1.5 
withdrawal, 2, 5, 3.0
deposit, 1, 1, 1.0 
deposit, 2, 2, 2.0
deposit, 1, 3, 2.0 
withdrawal, 1, 4, 1.5 
withdrawal, 2, 5, 3.0
deposit, 1, 1, 1.0 
deposit, 2, 2, 2.0
deposit, 1, 3, 2.0 
withdrawal, 1, 4, 1.5 
withdrawal, 2, 5, 3.0
deposit, 1, 1, 1.0 
deposit, 2, 2, 2.0
deposit, 1, 3, 2.0 
withdrawal, 1, 4, 1.5 
withdrawal, 2, 5, 3.0
deposit, 1, 1, 1.0 
deposit, 2, 2, 2.0
deposit, 1, 3, 2.0 
withdrawal, 1, 4, 1.5 
withdrawal, 2, 5, 3.0
deposit, 1, 1, 1.0 
deposit, 2, 2, 2.0
deposit, 1, 3, 2.0 
withdrawal, 1, 4, 1.5 
withdrawal, 2, 5, 3.0
deposit, 1, 1, 1.0 
deposit, 2, 2, 2.0
deposit, 1, 3, 2.0 
withdrawal, 1, 4, 1.5 
withdrawal, 2, 5, 3.0
deposit, 1, 1, 1.0 
deposit, 2, 2, 2.0
deposit, 1, 3, 2.0 
withdrawal, 1, 4, 1.5 
withdrawal, 2, 5, 3.0
deposit, 1, 1, 1.0 
deposit, 2, 2, 2.0
deposit, 1, 3, 2.0 
withdrawal, 1, 4, 1.5 
withdrawal, 2, 5, 3.0
deposit, 1, 1, 1.0 
deposit, 2, 2, 2.0
deposit, 1, 3, 2.0 
withdrawal, 1, 4, 1.5 
withdrawal, 2, 5, 3.0
deposit, 1, 1, 1.0 
deposit, 2, 2, 2.0
deposit, 1, 3, 2.0 
withdrawal, 1, 4, 1.5 
withdrawal, 2, 5, 3.0
deposit, 1, 1, 1.0 
deposit, 2, 2, 2.0
deposit, 1, 3, 2.0 
withdrawal, 1, 4, 1.5 
withdrawal, 2, 5, 3.0
deposit, 1, 1, 1.0 
deposit, 2, 2, 2.0
deposit, 1, 3, 2.0 
withdrawal, 1, 4, 1.5 
withdrawal, 2, 5, 3.0
deposit, 1, 1, 1.0 
deposit, 2, 2, 2.0
deposit, 1, 3, 2.0 
withdrawal, 1, 4, 1.5 
withdrawal, 2, 5, 3.0
deposit, 1, 1, 1.0 
deposit, 2, 2, 2.0
deposit, 1, 3, 2.0 
withdrawal, 1, 4, 1.5 
withdrawal, 2, 5, 3.0
deposit, 1, 1, 1.0 
deposit, 2, 2, 2.0
deposit, 1, 3, 2.0 
withdrawal, 1, 4, 1.5 
withdrawal, 2, 5, 3.0
deposit, 1, 1, 1.0 
deposit, 2, 2, 2.0
deposit, 1, 3, 2.0 
withdrawal, 1, 4, 1.5 
withdrawal, 2, 5, 3.0
deposit, 1, 1, 1.0 
deposit, 2, 2, 2.0
deposit, 1, 3, 2.0 
withdrawal, 1, 4, 1.5 
withdrawal, 2, 5, 3.0
deposit, 1, 1, 1.0 
deposit, 2, 2, 2.0
deposit, 1, 3, 2.0 
withdrawal, 1, 4, 1.5 
withdrawal, 2, 5, 3.0
deposit, 1, 1, 1.0 
deposit, 2, 2, 2.0
deposit, 1, 3, 2.0 
withdrawal, 1, 4, 1.5 
withdrawal, 2, 5, 3.0
deposit, 1, 1, 1.0 
deposit, 2, 2, 2.0
deposit, 1, 3, 2.0 
withdrawal, 1, 4, 1.5 
withdrawal, 2, 5, 3.0
deposit, 1, 1, 1.0 
deposit, 2, 2, 2.0
deposit, 1, 3, 2.0 
withdrawal, 1, 4, 1.5 
withdrawal, 2, 5, 3.0
deposit, 1, 1, 1.0 
deposit, 2, 2, 2.0
deposit, 1, 3, 2.0 
withdrawal, 1, 4, 1.5 
withdrawal, 2, 5, 3.0
deposit, 1, 1, 1.0 
deposit, 2, 2, 2.0
deposit, 1, 3, 2.0 
withdrawal, 1, 4, 1.5 
withdrawal, 2, 5, 3.0
deposit, 1, 1, 1.0 
deposit, 2, 2, 2.0
deposit, 1, 3, 2.0 
withdrawal, 1, 4, 1.5 
withdrawal, 2, 5, 3.0
deposit, 1, 1, 1.0 
deposit, 2, 2, 2.0
deposit, 1, 3, 2.0 
withdrawal, 1, 4, 1.5 
withdrawal, 2, 5, 3.0
deposit, 1, 1, 1.0 
deposit, 2, 2, 2.0
deposit, 1, 3, 2.0 
withdrawal, 1, 4, 1.5 
withdrawal, 2, 5, 3.0
deposit, 1, 1, 1.0 
deposit, 2, 2, 2.0
deposit, 1, 3, 2.0 
withdrawal, 1, 4, 1.5 
withdrawal, 2, 5, 3.0
deposit, 1, 1, 1.0 
deposit, 2, 2, 2.0
deposit, 1, 3, 2.0 
withdrawal, 1, 4, 1.5 
withdrawal, 2, 5, 3.0
deposit, 1, 1, 1.0 
deposit, 2, 2, 2.0
deposit, 1, 3, 2.0 
withdrawal, 1, 4, 1.5 
withdrawal, 2, 5, 3.0
deposit, 1, 1, 1.0 
deposit, 2, 2, 2.0
deposit, 1, 3, 2.0 
withdrawal, 1, 4, 1.5 
withdrawal, 2, 5, 3.0
deposit, 1, 1, 1.0 
deposit, 2, 2, 2.0
deposit, 1, 3, 2.0 
withdrawal, 1, 4, 1.5 
withdrawal, 2, 5, 3.0
deposit, 1, 1, 1.0 
deposit, 2, 2, 2.0
deposit, 1, 3, 2.0 
withdrawal, 1, 4, 1.5 
withdrawal, 2, 5, 3.0
deposit, 1, 1, 1.0 
deposit, 2, 2, 2.0
deposit, 1, 3, 2.0 
withdrawal, 1, 4, 1.5 
withdrawal, 2, 5, 3.0
deposit, 1, 1, 1.0 
deposit, 2, 2, 2.0
deposit, 1, 3, 2.0 
withdrawal, 1, 4, 1.5 
withdrawal, 2, 5, 3.0
deposit, 1, 1, 1.0 
deposit, 2, 2, 2.0
deposit, 1, 3, 2.0 
withdrawal, 1, 4, 1.5 
withdrawal, 2, 5, 3.0
deposit, 1, 1, 1.0 
deposit, 2, 2, 2.0
deposit, 1, 3, 2.0 
withdrawal, 1, 4, 1.5 
withdrawal, 2, 5, 3.0
deposit, 1, 1, 1.0 
deposit, 2, 2, 2.0
deposit, 1, 3, 2.0 
withdrawal, 1, 4, 1.5 
withdrawal, 2, 5, 3.0
deposit, 1, 1, 1.0 
deposit, 2, 2, 2.0
deposit, 1, 3, 2.0 
withdrawal, 1, 4, 1.5 
withdrawal, 2, 5, 3.0
deposit, 1, 1, 1.0 
deposit, 2, 2, 2.0
deposit, 1, 3, 2.0 
withdrawal, 1, 4, 1.5 
withdrawal, 2, 5, 3.0
deposit, 1, 1, 1.0 
deposit, 2, 2, 2.0
deposit, 1, 3, 2.0 
withdrawal, 1, 4, 1.5 
withdrawal, 2, 5, 3.0
deposit, 1, 1, 1.0 
deposit, 2, 2, 2.0
deposit, 1, 3, 2.0 
withdrawal, 1, 4, 1.5 
withdrawal, 2, 5, 3.0
deposit, 1, 1, 1.0 
deposit, 2, 2, 2.0
deposit, 1, 3, 2.0 
withdrawal, 1, 4, 1.5 
withdrawal, 2, 5, 3.0
deposit, 1, 1, 1.0 
deposit, 2, 2, 2.0
deposit, 1, 3, 2.0 
withdrawal, 1, 4, 1.5 
withdrawal, 2, 5, 3.0
deposit, 1, 1, 1.0 
deposit, 2, 2, 2.0
deposit, 1, 3, 2.0 
withdrawal, 1, 4, 1.5 
withdrawal, 2, 5, 3.0
deposit, 1, 1, 1.0 
deposit, 2, 2, 2.0
deposit, 1, 3, 2.0 
withdrawal, 1, 4, 1.5 
withdrawal, 2, 5, 3.0
deposit, 1, 1, 1.0 
deposit, 2, 2, 2.0
deposit, 1, 3, 2.0 
withdrawal, 1, 4, 1.5 
withdrawal, 2, 5, 3.0
deposit, 1, 1, 1.0 
deposit, 2, 2, 2.0
deposit, 1, 3, 2.0 
withdrawal, 1, 4, 1.5 
withdrawal, 2, 5, 3.0
deposit, 1, 1, 1.0 
deposit, 2, 2, 2.0
deposit, 1, 3, 2.0 
withdrawal, 1, 4, 1.5 
withdrawal, 2, 5, 3.0
deposit, 1, 1, 1.0 
deposit, 2, 2, 2.0
deposit, 1, 3, 2.0 
withdrawal, 1, 4, 1.5 
withdrawal, 2, 5, 3.0
deposit, 1, 1, 1.0 
deposit, 2, 2, 2.0
deposit, 1, 3, 2.0 
withdrawal, 1, 4, 1.5 
withdrawal, 2, 5, 3.0
deposit, 1, 1, 1.0 
deposit, 2, 2, 2.0
deposit, 1, 3, 2.0 
withdrawal, 1, 4, 1.5 
withdrawal, 2, 5, 3.0
deposit, 1, 1, 1.0 
deposit, 2, 2, 2.0
deposit, 1, 3, 2.0 
withdrawal, 1, 4, 1.5 
withdrawal, 2, 5, 3.0
deposit, 1, 1, 1.0 
deposit, 2, 2, 2.0
deposit, 1, 3, 2.0 
withdrawal, 1, 4, 1.5 
withdrawal, 2, 5, 3.0
deposit, 1, 1, 1.0 
deposit, 2, 2, 2.0
deposit, 1, 3, 2.0 
withdrawal, 1, 4, 1.5 
withdrawal, 2, 5, 3.0
deposit, 1, 1, 1.0 
deposit, 2, 2, 2.0
deposit, 1, 3, 2.0 
withdrawal, 1, 4, 1.5 
withdrawal, 2, 5, 3.0
deposit, 1, 1, 1.0 
deposit, 2, 2, 2.0
deposit, 1, 3, 2.0 
withdrawal, 1, 4, 1.5 
withdrawal, 2, 5, 3.0
deposit, 1, 1, 1.0 
deposit, 2, 2, 2.0
deposit, 1, 3, 2.0 
withdrawal, 1, 4, 1.5 
withdrawal, 2, 5, 3.0
deposit, 1, 1, 1.0 
deposit, 2, 2, 2.0
deposit, 1, 3, 2.0 
withdrawal, 1, 4, 1.5 
withdrawal, 2, 5, 3.0
deposit, 1, 1, 1.0 
deposit, 2, 2, 2.0
deposit, 1, 3, 2.0 
withdrawal, 1, 4, 1.5 
withdrawal, 2, 5, 3.0
deposit, 1, 1, 1.0 
deposit, 2, 2, 2.0
deposit, 1, 3, 2.0 
withdrawal, 1, 4, 1.5 
withdrawal, 2, 5, 3.0
deposit, 1, 1, 1.0 
deposit, 2, 2, 2.0
deposit, 1, 3, 2.0 
withdrawal, 1, 4, 1.5 
withdrawal, 2, 5, 3.0
deposit, 1, 1, 1.0 
deposit, 2, 2, 2.0
deposit, 1, 3, 2.0 
withdrawal, 1, 4, 1.5 
withdrawal, 2, 5, 3.0
deposit, 1, 1, 1.0 
deposit, 2, 2, 2.0
deposit, 1, 3, 2.0 
withdrawal, 1, 4, 1.5 
withdrawal, 2, 5, 3.0
deposit, 1, 1, 1.0 
deposit, 2, 2, 2.0
deposit, 1, 3, 2.0 
withdrawal, 1, 4, 1.5 
withdrawal, 2, 5, 3.0
deposit, 1, 1, 1.0 
deposit, 2, 2, 2.0
deposit, 1, 3, 2.0 
withdrawal, 1, 4, 1.5 
withdrawal, 2, 5, 3.0
deposit, 1, 1, 1.0 
deposit, 2, 2, 2.0
deposit, 1, 3, 2.0 
withdrawal, 1, 4, 1.5 
withdrawal, 2, 5, 3.0
deposit, 1, 1, 1.0 
deposit, 2, 2, 2.0
deposit, 1, 3, 2.0 
withdrawal, 1, 4, 1.5 
withdrawal, 2, 5, 3.0
deposit, 1, 1, 1.0 
deposit, 2, 2, 2.0
deposit, 1, 3, 2.0 
withdrawal, 1, 4, 1.5 
withdrawal, 2, 5, 3.0
deposit, 1, 1, 1.0 
deposit, 2, 2, 2.0
deposit, 1, 3, 2.0 
withdrawal, 1, 4, 1.5 
withdrawal, 2, 5, 3.0
deposit, 1, 1, 1.0 
deposit, 2, 2, 2.0
deposit, 1, 3, 2.0 
withdrawal, 1, 4, 1.5 
withdrawal, 2, 5, 3.0
deposit, 1, 1, 1.0 
deposit, 2, 2, 2.0
deposit, 1, 3, 2.0 
withdrawal, 1, 4, 1.5 
withdrawal, 2, 5, 3.0
deposit, 1, 1, 1.0 
deposit, 2, 2, 2.0
deposit, 1, 3, 2.0 
withdrawal, 1, 4, 1.5 
withdrawal, 2, 5, 3.0
deposit, 1, 1, 1.0 
deposit, 2, 2, 2.0
deposit, 1, 3, 2.0 
withdrawal, 1, 4, 1.5 
withdrawal, 2, 5, 3.0
deposit, 1, 1, 1.0 
deposit, 2, 2, 2.0
deposit, 1, 3, 2.0 
withdrawal, 1, 4, 1.5 
withdrawal, 2, 5, 3.0
deposit, 1, 1, 1.0 
deposit, 2, 2, 2.0
deposit, 1, 3, 2.0 
withdrawal, 1, 4, 1.5 
withdrawal, 2, 5, 3.0
deposit, 1, 1, 1.0 
deposit, 2, 2, 2.0
deposit, 1, 3, 2.0 
withdrawal, 1, 4, 1.5 
withdrawal, 2, 5, 3.0
deposit, 1, 1, 1.0 
deposit, 2, 2, 2.0
deposit, 1, 3, 2.0 
withdrawal, 1, 4, 1.5 
withdrawal, 2, 5, 3.0
deposit, 1, 1, 1.0 
deposit, 2, 2, 2.0
deposit, 1, 3, 2.0 
withdrawal, 1, 4, 1.5 
withdrawal, 2, 5, 3.0
deposit, 1, 1, 1.0 
deposit, 2, 2, 2.0
deposit, 1, 3, 2.0 
withdrawal, 1, 4, 1.5 
withdrawal, 2, 5, 3.0
deposit, 1, 1, 1.0 
deposit, 2, 2, 2.0
deposit, 1, 3, 2.0 
withdrawal, 1, 4, 1.5 
withdrawal, 2, 5, 3.0
deposit, 1, 1, 1.0 
deposit, 2, 2, 2.0
deposit, 1, 3, 2.0 
withdrawal, 1, 4, 1.5 
withdrawal, 2, 5, 3.0
deposit, 1, 1, 1.0 
deposit, 2, 2, 2.0
deposit, 1, 3, 2.0 
withdrawal, 1, 4, 1.5 
withdrawal, 2, 5, 3.0
deposit, 1, 1, 1.0 
deposit, 2, 2, 2.0
deposit, 1, 3, 2.0 
withdrawal, 1, 4, 1.5 
withdrawal, 2, 5, 3.0
deposit, 1, 1, 1.0 
deposit, 2, 2, 2.0
deposit, 1, 3, 2.0 
withdrawal, 1, 4, 1.5 
withdrawal, 2, 5, 3.0
deposit, 1, 1, 1.0 
deposit, 2, 2, 2.0
deposit, 1, 3, 2.0 
withdrawal, 1, 4, 1.5 
withdrawal, 2, 5, 3.0
deposit, 1, 1, 1.0 
deposit, 2, 2, 2.0
deposit, 1, 3, 2.0 
withdrawal, 1, 4, 1.5 
withdrawal, 2, 5, 3.0
deposit, 1, 1, 1.0 
deposit, 2, 2, 2.0
deposit, 1, 3, 2.0 
withdrawal, 1, 4, 1.5 
withdrawal, 2, 5, 3.0
deposit, 1, 1, 1.0 
deposit, 2, 2, 2.0
deposit, 1, 3, 2.0 
withdrawal, 1, 4, 1.5 
withdrawal, 2, 5, 3.0
deposit, 1, 1, 1.0 
deposit, 2, 2, 2.0
deposit, 1, 3, 2.0 
withdrawal, 1, 4, 1.5 
withdrawal, 2, 5, 3.0
deposit, 1, 1, 1.0 
deposit, 2, 2, 2.0
deposit, 1, 3, 2.0 
withdrawal, 1, 4, 1.5 
withdrawal, 2, 5, 3.0
deposit, 1, 1, 1.0 
deposit, 2, 2, 2.0
deposit, 1, 3, 2.0 
withdrawal, 1, 4, 1.5 
withdrawal, 2, 5, 3.0
deposit, 1, 1, 1.0 
deposit, 2, 2, 2.0
deposit, 1, 3, 2.0 
withdrawal, 1, 4, 1.5 
withdrawal, 2, 5, 3.0
deposit, 1, 1, 1.0 
deposit, 2, 2, 2.0
deposit, 1, 3, 2.0 
withdrawal, 1, 4, 1.5 
withdrawal, 2, 5, 3.0
deposit, 1, 1, 1.0 
deposit, 2, 2, 2.0
deposit, 1, 3, 2.0 
withdrawal, 1, 4, 1.5 
withdrawal, 2, 5, 3.0
deposit, 1, 1, 1.0 
deposit, 2, 2, 2.0
deposit, 1, 3, 2.0 
withdrawal, 1, 4, 1.5 
withdrawal, 2, 5, 3.0
deposit, 1, 1, 1.0 
deposit, 2, 2, 2.0
deposit, 1, 3, 2.0 
withdrawal, 1, 4, 1.5 
withdrawal, 2, 5, 3.0
deposit, 1, 1, 1.0 
deposit, 2, 2, 2.0
deposit, 1, 3, 2.0 
withdrawal, 1, 4, 1.5 
withdrawal, 2, 5, 3.0
deposit, 1, 1, 1.0 
deposit, 2, 2, 2.0
deposit, 1, 3, 2.0 
withdrawal, 1, 4, 1.5 
withdrawal, 2, 5, 3.0
deposit, 1, 1, 1.0 
deposit, 2, 2, 2.0
deposit, 1, 3, 2.0 
withdrawal, 1, 4, 1.5 
withdrawal, 2, 5, 3.0
deposit, 1, 1, 1.0 
deposit, 2, 2, 2.0
deposit, 1, 3, 2.0 
withdrawal, 1, 4, 1.5 
withdrawal, 2, 5, 3.0
deposit, 1, 1, 1.0 
deposit, 2, 2, 2.0
deposit, 1, 3, 2.0 
withdrawal, 1, 4, 1.5 
withdrawal, 2, 5, 3.0
deposit, 1, 1, 1.0 
deposit, 2, 2, 2.0
deposit, 1, 3, 2.0 
withdrawal, 1, 4, 1.5 
withdrawal, 2, 5, 3.0
deposit, 1, 1, 1.0 
deposit, 2, 2, 2.0
deposit, 1, 3, 2.0 
withdrawal, 1, 4, 1.5 
withdrawal, 2, 5, 3.0
deposit, 1, 1, 1.0 
deposit, 2, 2, 2.0
deposit, 1, 3, 2.0 
withdrawal, 1, 4, 1.5 
withdrawal, 2, 5, 3.0
deposit, 1, 1, 1.0 
deposit, 2, 2, 2.0
deposit, 1, 3, 2.0 
withdrawal, 1, 4, 1.5 
withdrawal, 2, 5, 3.0
deposit, 1, 1, 1.0 
deposit, 2, 2, 2.0
deposit, 1, 3, 2.0 
withdrawal, 1, 4, 1.5 
withdrawal, 2, 5, 3.0
deposit, 1, 1, 1.0 
deposit, 2, 2, 2.0
deposit, 1, 3, 2.0 
withdrawal, 1, 4, 1.5 
withdrawal, 2, 5, 3.0
deposit, 1, 1, 1.0 
deposit, 2, 2, 2.0
deposit, 1, 3, 2.0 
withdrawal, 1, 4, 1.5 
withdrawal, 2, 5, 3.0
deposit, 1, 1, 1.0 
deposit, 2, 2, 2.0
deposit, 1, 3, 2.0 
withdrawal, 1, 4, 1.5 
withdrawal, 2, 5, 3.0
deposit, 1, 1, 1.0 
deposit, 2, 2, 2.0
deposit, 1, 3, 2.0 
withdrawal, 1, 4, 1.5 
withdrawal, 2, 5, 3.0
deposit, 1, 1, 1.0 
deposit, 2, 2, 2.0
deposit, 1, 3, 2.0 
withdrawal, 1, 4, 1.5 
withdrawal, 2, 5, 3.0
deposit, 1, 1, 1.0 
deposit, 2, 2, 2.0
deposit, 1, 3, 2.0 
withdrawal, 1, 4, 1.5 
withdrawal, 2, 5, 3.0
deposit, 1, 1, 1.0 
deposit, 2, 2, 2.0
deposit, 1, 3, 2.0 
withdrawal, 1, 4, 1.5 
withdrawal, 2, 5, 3.0
deposit, 1, 1, 1.0 
deposit, 2, 2, 2.0
deposit, 1, 3, 2.0 
withdrawal, 1, 4, 1.5 
withdrawal, 2, 5, 3.0
deposit, 1, 1, 1.0 
deposit, 2, 2, 2.0
deposit, 1, 3, 2.0 
withdrawal, 1, 4, 1.5 
withdrawal, 2, 5, 3.0
deposit, 1, 1, 1.0 
deposit, 2, 2, 2.0
deposit, 1, 3, 2.0 
withdrawal, 1, 4, 1.5 
withdrawal, 2, 5, 3.0
deposit, 1, 1, 1.0 
deposit, 2, 2, 2.0
deposit, 1, 3, 2.0 
withdrawal, 1, 4, 1.5 
withdrawal, 2, 5, 3.0
deposit, 1, 1, 1.0 
deposit, 2, 2, 2.0
deposit, 1, 3, 2.0 
withdrawal, 1, 4, 1.5 
withdrawal, 2, 5, 3.0
deposit, 1, 1, 1.0 
deposit, 2, 2, 2.0
deposit, 1, 3, 2.0 
withdrawal, 1, 4, 1.5 
withdrawal, 2, 5, 3.0
deposit, 1, 1, 1.0 
deposit, 2, 2, 2.0
deposit, 1, 3, 2.0 
withdrawal, 1, 4, 1.5 
withdrawal, 2, 5, 3.0
deposit, 1, 1, 1.0 
deposit, 2, 2, 2.0
deposit, 1, 3, 2.0 
withdrawal, 1, 4, 1.5 
withdrawal, 2, 5, 3.0
deposit, 1, 1, 1.0 
deposit, 2, 2, 2.0
deposit, 1, 3, 2.0 
withdrawal, 1, 4, 1.5 
withdrawal, 2, 5, 3.0
deposit, 1, 1, 1.0 
deposit, 2, 2, 2.0
deposit, 1, 3, 2.0 
withdrawal, 1, 4, 1.5 
withdrawal, 2, 5, 3.0
deposit, 1, 1, 1.0 
deposit, 2, 2, 2.0
deposit, 1, 3, 2.0 
withdrawal, 1, 4, 1.5 
withdrawal, 2, 5, 3.0
deposit, 1, 1, 1.0 
deposit, 2, 2, 2.0
deposit, 1, 3, 2.0 
withdrawal, 1, 4, 1.5 
withdrawal, 2, 5, 3.0
deposit, 1, 1, 1.0 
deposit, 2, 2, 2.0
deposit, 1, 3, 2.0 
withdrawal, 1, 4, 1.5 
withdrawal, 2, 5, 3.0
deposit, 1, 1, 1.0 
deposit, 2, 2, 2.0
deposit, 1, 3, 2.0 
withdrawal, 1, 4, 1.5 
withdrawal, 2, 5, 3.0
deposit, 1, 1, 1.0 
deposit, 2, 2, 2.0
deposit, 1, 3, 2.0 
withdrawal, 1, 4, 1.5 
withdrawal, 2, 5, 3.0
deposit, 1, 1, 1.0 
deposit, 2, 2, 2.0
deposit, 1, 3, 2.0 
withdrawal, 1, 4, 1.5 
withdrawal, 2, 5, 3.0
deposit, 1, 1, 1.0 
deposit, 2, 2, 2.0
deposit, 1, 3, 2.0 
withdrawal, 1, 4, 1.5 
withdrawal, 2, 5, 3.0
deposit, 1, 1, 1.0 
deposit, 2, 2, 2.0
deposit, 1, 3, 2.0 
withdrawal, 1, 4, 1.5 
withdrawal, 2, 5, 3.0
deposit, 1, 1, 1.0 
deposit, 2, 2, 2.0
deposit, 1, 3, 2.0 
withdrawal, 1, 4, 1.5 
withdrawal, 2, 5, 3.0
deposit, 1, 1, 1.0 
deposit, 2, 2, 2.0
deposit, 1, 3, 2.0 
withdrawal, 1, 4, 1.5 
withdrawal, 2, 5, 3.0
deposit, 1, 1, 1.0 
deposit, 2, 2, 2.0
deposit, 1, 3, 2.0 
withdrawal, 1, 4, 1.5 
withdrawal, 2, 5, 3.0
deposit, 1, 1, 1.0 
deposit, 2, 2, 2.0
deposit, 1, 3, 2.0 
withdrawal, 1, 4, 1.5 
withdrawal, 2, 5, 3.0
deposit, 1, 1, 1.0 
deposit, 2, 2, 2.0
deposit, 1, 3, 2.0 
withdrawal, 1, 4, 1.5 
withdrawal, 2, 5, 3.0
deposit, 1, 1, 1.0 
deposit, 2, 2, 2.0
deposit, 1, 3, 2.0 
withdrawal, 1, 4, 1.5 
withdrawal, 2, 5, 3.0
deposit, 1, 1, 1.0 
deposit, 2, 2, 2.0
deposit, 1, 3, 2.0 
withdrawal, 1, 4, 1.5 
withdrawal, 2, 5, 3.0
deposit, 1, 1, 1.0 
deposit, 2, 2, 2.0
deposit, 1, 3, 2.0 
withdrawal, 1, 4, 1.5 
withdrawal, 2, 5, 3.0
deposit, 1, 1, 1.0 
deposit, 2, 2, 2.0
deposit, 1, 3, 2.0 
withdrawal, 1, 4, 1.5 
withdrawal, 2, 5, 3.0
deposit, 1, 1, 1.0 
deposit, 2, 2, 2.0
deposit, 1, 3, 2.0 
withdrawal, 1, 4, 1.5 
withdrawal, 2, 5, 3.0
deposit, 1, 1, 1.0 
deposit, 2, 2, 2.0
deposit, 1, 3, 2.0 
withdrawal, 1, 4, 1.5 
withdrawal, 2, 5, 3.0
deposit, 1, 1, 1.0 
deposit, 2, 2, 2.0
deposit, 1, 3, 2.0 
withdrawal, 1, 4, 1.5 
withdrawal, 2, 5, 3.0
deposit, 1, 1, 1.0 
deposit, 2, 2, 2.0
deposit, 1, 3, 2.0 
withdrawal, 1, 4, 1.5 
withdrawal, 2, 5, 3.0
deposit, 1, 1, 1.0 
deposit, 2, 2, 2.0
deposit, 1, 3, 2.0 
withdrawal, 1, 4, 1.5 
withdrawal, 2, 5, 3.0
deposit, 1, 1, 1.0 
deposit, 2, 2, 2.0
deposit, 1, 3, 2.0 
withdrawal, 1, 4, 1.5 
withdrawal, 2, 5, 3.0
deposit, 1, 1, 1.0 
deposit, 2, 2, 2.0
deposit, 1, 3, 2.0 
withdrawal, 1, 4, 1.5 
withdrawal, 2, 5, 3.0
deposit, 1, 1, 1.0 
deposit, 2, 2, 2.0
deposit, 1, 3, 2.0 
withdrawal, 1, 4, 1.5 
withdrawal, 2, 5, 3.0
deposit, 1, 1, 1.0 
deposit, 2, 2, 2.0
deposit, 1, 3, 2.0 
withdrawal, 1, 4, 1.5 
withdrawal, 2, 5, 3.0
deposit, 1, 1, 1.0 
deposit, 2, 2, 2.0
deposit, 1, 3, 2.0 
withdrawal, 1, 4, 1.5 
withdrawal, 2, 5, 3.0
deposit, 1, 1, 1.0 
deposit, 2, 2, 2.0
deposit, 1, 3, 2.0 
withdrawal, 1, 4, 1.5 
withdrawal, 2, 5, 3.0
deposit, 1, 1, 1.0 
deposit, 2, 2, 2.0
deposit, 1, 3, 2.0 
withdrawal, 1, 4, 1.5 
withdrawal, 2, 5, 3.0
deposit, 1, 1, 1.0 
deposit, 2, 2, 2.0
deposit, 1, 3, 2.0 
withdrawal, 1, 4, 1.5 
withdrawal, 2, 5, 3.0
deposit, 1, 1, 1.0 
deposit, 2, 2, 2.0
deposit, 1, 3, 2.0 
withdrawal, 1, 4, 1.5 
withdrawal, 2, 5, 3.0
deposit, 1, 1, 1.0 
deposit, 2, 2, 2.0
deposit, 1, 3, 2.0 
withdrawal, 1, 4, 1.5 
withdrawal, 2, 5, 3.0
deposit, 1, 1, 1.0 
deposit, 2, 2, 2.0
deposit, 1, 3, 2.0 
withdrawal, 1, 4, 1.5 
withdrawal, 2, 5, 3.0
deposit, 1, 1, 1.0 
deposit, 2, 2, 2.0
deposit, 1, 3, 2.0 
withdrawal, 1, 4, 1.5 
withdrawal, 2, 5, 3.0
deposit, 1, 1, 1.0 
deposit, 2, 2, 2.0
deposit, 1, 3, 2.0 
withdrawal, 1, 4, 1.5 
withdrawal, 2, 5, 3.0
deposit, 1, 1, 1.0 
deposit, 2, 2, 2.0
deposit, 1, 3, 2.0 
withdrawal, 1, 4, 1.5 
withdrawal, 2, 5, 3.0
deposit, 1, 1, 1.0 
deposit, 2, 2, 2.0
deposit, 1, 3, 2.0 
withdrawal, 1, 4, 1.5 
withdrawal, 2, 5, 3.0
deposit, 1, 1, 1.0 
deposit, 2, 2, 2.0
deposit, 1, 3, 2.0 
withdrawal, 1, 4, 1.5 
withdrawal, 2, 5, 3.0
deposit, 1, 1, 1.0 
deposit, 2, 2, 2.0
deposit, 1, 3, 2.0 
withdrawal, 1, 4, 1.5 
withdrawal, 2, 5, 3.0
deposit, 1, 1, 1.0 
deposit, 2, 2, 2.0
deposit, 1, 3, 2.0 
withdrawal, 1, 4, 1.5 
withdrawal, 2, 5, 3.0
deposit, 1, 1, 1.0 
deposit, 2, 2, 2.0
deposit, 1, 3, 2.0 
withdrawal, 1, 4, 1.5 
withdrawal, 2, 5, 3.0
deposit, 1, 1, 1.0 
deposit, 2, 2, 2.0
deposit, 1, 3, 2.0 
withdrawal, 1, 4, 1.5 
withdrawal, 2, 5, 3.0
deposit, 1, 1, 1.0 
deposit, 2, 2, 2.0
deposit, 1, 3, 2.0 
withdrawal, 1, 4, 1.5 
withdrawal, 2, 5, 3.0
deposit, 1, 1, 1.0 
deposit, 2, 2, 2.0
deposit, 1, 3, 2.0 
withdrawal, 1, 4, 1.5 
withdrawal, 2, 5, 3.0
deposit, 1, 1, 1.0 
deposit, 2, 2, 2.0
deposit, 1, 3, 2.0 
withdrawal, 1, 4, 1.5 
withdrawal, 2, 5, 3.0
deposit, 1, 1, 1.0 
deposit, 2, 2, 2.0
deposit, 1, 3, 2.0 
withdrawal, 1, 4, 1.5 
withdrawal, 2, 5, 3.0
deposit, 1, 1, 1.0 
deposit, 2, 2, 2.0
deposit, 1, 3, 2.0 
withdrawal, 1, 4, 1.5 
withdrawal, 2, 5, 3.0
deposit, 1, 1, 1.0 
deposit, 2, 2, 2.0
deposit, 1, 3, 2.0 
withdrawal, 1, 4, 1.5 
withdrawal, 2, 5, 3.0
deposit, 1, 1, 1.0 
deposit, 2, 2, 2.0
deposit, 1, 3, 2.0 
withdrawal, 1, 4, 1.5 
withdrawal, 2, 5, 3.0
deposit, 1, 1, 1.0 
deposit, 2, 2, 2.0
deposit, 1, 3, 2.0 
withdrawal, 1, 4, 1.5 
withdrawal, 2, 5, 3.0
deposit, 1, 1, 1.0 
deposit, 2, 2, 2.0
deposit, 1, 3, 2.0 
withdrawal, 1, 4, 1.5 
withdrawal, 2, 5, 3.0
deposit, 1, 1, 1.0 
deposit, 2, 2, 2.0
deposit, 1, 3, 2.0 
withdrawal, 1, 4, 1.5 
withdrawal, 2, 5, 3.0
deposit, 1, 1, 1.0 
deposit, 2, 2, 2.0
deposit, 1, 3, 2.0 
withdrawal, 1, 4, 1.5 
withdrawal, 2, 5, 3.0
deposit, 1, 1, 1.0 
deposit, 2, 2, 2.0
deposit, 1, 3, 2.0 
withdrawal, 1, 4, 1.5 
withdrawal, 2, 5, 3.0
deposit, 1, 1, 1.0 
deposit, 2, 2, 2.0
deposit, 1, 3, 2.0 
withdrawal, 1, 4, 1.5 
withdrawal, 2, 5, 3.0
deposit, 1, 1, 1.0 
deposit, 2, 2, 2.0
deposit, 1, 3, 2.0 
withdrawal, 1, 4, 1.5 
withdrawal, 2, 5, 3.0
deposit, 1, 1, 1.0 
deposit, 2, 2, 2.0
deposit, 1, 3, 2.0 
withdrawal, 1, 4, 1.5 
withdrawal, 2, 5, 3.0
deposit, 1, 1, 1.0 
deposit, 2, 2, 2.0
deposit, 1, 3, 2.0 
withdrawal, 1, 4, 1.5 
withdrawal, 2, 5, 3.0
deposit, 1, 1, 1.0 
deposit, 2, 2, 2.0
deposit, 1, 3, 2.0 
withdrawal, 1, 4, 1.5 
withdrawal, 2, 5, 3.0
deposit, 1, 1, 1.0 
deposit, 2, 2, 2.0
deposit, 1, 3, 2.0 
withdrawal, 1, 4, 1.5 
withdrawal, 2, 5, 3.0
deposit, 1, 1, 1.0 
deposit, 2, 2, 2.0
deposit, 1, 3, 2.0 
withdrawal, 1, 4, 1.5 
withdrawal, 2, 5, 3.0
deposit, 1, 1, 1.0 
deposit, 2, 2, 2.0
deposit, 1, 3, 2.0 
withdrawal, 1, 4, 1.5 
withdrawal, 2, 5, 3.0
deposit, 1, 1, 1.0 
deposit, 2, 2, 2.0
deposit, 1, 3, 2.0 
withdrawal, 1, 4, 1.5 
withdrawal, 2, 5, 3.0
deposit, 1, 1, 1.0 
deposit, 2, 2, 2.0
deposit, 1, 3, 2.0 
withdrawal, 1, 4, 1.5 
withdrawal, 2, 5, 3.0
deposit, 1, 1, 1.0 
deposit, 2, 2, 2.0
deposit, 1, 3, 2.0 
withdrawal, 1, 4, 1.5 
withdrawal, 2, 5, 3.0
deposit, 1, 1, 1.0 
deposit, 2, 2, 2.0
deposit, 1, 3, 2.0 
withdrawal, 1, 4, 1.5 
withdrawal, 2, 5, 3.0
deposit, 1, 1, 1.0 
deposit, 2, 2, 2.0
deposit, 1, 3, 2.0 
withdrawal, 1, 4, 1.5 
withdrawal, 2, 5, 3.0
deposit, 1, 1, 1.0 
deposit, 2, 2, 2.0
deposit, 1, 3, 2.0 
withdrawal, 1, 4, 1.5 
withdrawal, 2, 5, 3.0
deposit, 1, 1, 1.0 
deposit, 2, 2, 2.0
deposit, 1, 3, 2.0 
withdrawal, 1, 4, 1.5 
withdrawal, 2, 5, 3.0
deposit, 1, 1, 1.0 
deposit, 2, 2, 2.0
deposit, 1, 3, 2.0 
withdrawal, 1, 4, 1.5 
withdrawal, 2, 5, 3.0
deposit, 1, 1, 1.0 
deposit, 2, 2, 2.0
deposit, 1, 3, 2.0 
withdrawal, 1, 4, 1.5 
withdrawal, 2, 5, 3.0
deposit, 1, 1, 1.0 
deposit, 2, 2, 2.0
deposit, 1, 3, 2.0 
withdrawal, 1, 4, 1.5 
withdrawal, 2, 5, 3.0
deposit, 1, 1, 1.0 
deposit, 2, 2, 2.0
deposit, 1, 3, 2.0 
withdrawal, 1, 4, 1.5 
withdrawal, 2, 5, 3.0
deposit, 1, 1, 1.0 
deposit, 2, 2, 2.0
deposit, 1, 3, 2.0 
withdrawal, 1, 4, 1.5 
withdrawal, 2, 5, 3.0
deposit, 1, 1, 1.0 
deposit, 2, 2, 2.0
deposit, 1, 3, 2.0 
withdrawal, 1, 4, 1.5 
withdrawal, 2, 5, 3.0
deposit, 1, 1, 1.0 
deposit, 2, 2, 2.0
deposit, 1, 3, 2.0 
withdrawal, 1, 4, 1.5 
withdrawal, 2, 5, 3.0
deposit, 1, 1, 1.0 
deposit, 2, 2, 2.0
deposit, 1, 3, 2.0 
withdrawal, 1, 4, 1.5 
withdrawal, 2, 5, 3.0
deposit, 1, 1, 1.0 
deposit, 2, 2, 2.0
deposit, 1, 3, 2.0 
withdrawal, 1, 4, 1.5 
withdrawal, 2, 5, 3.0
deposit, 1, 1, 1.0 
deposit, 2, 2, 2.0
deposit, 1, 3, 2.0 
withdrawal, 1, 4, 1.5 
withdrawal, 2, 5, 3.0
deposit, 1, 1, 1.0 
deposit, 2, 2, 2.0
deposit, 1, 3, 2.0 
withdrawal, 1, 4, 1.5 
withdrawal, 2, 5, 3.0
deposit, 1, 1, 1.0 
deposit, 2, 2, 2.0
deposit, 1, 3, 2.0 
withdrawal, 1, 4, 1.5 
withdrawal, 2, 5, 3.0
deposit, 1, 1, 1.0 
deposit, 2, 2, 2.0
deposit, 1, 3, 2.0 
withdrawal, 1, 4, 1.5 
withdrawal, 2, 5, 3.0
deposit, 1, 1, 1.0 
deposit, 2, 2, 2.0
deposit, 1, 3, 2.0 
withdrawal, 1, 4, 1.5 
withdrawal, 2, 5, 3.0
deposit, 1, 1, 1.0 
deposit, 2, 2, 2.0
deposit, 1, 3, 2.0 
withdrawal, 1, 4, 1.5 
withdrawal, 2, 5, 3.0
deposit, 1, 1, 1.0 
deposit, 2, 2, 2.0
deposit, 1, 3, 2.0 
withdrawal, 1, 4, 1.5 
withdrawal, 2, 5, 3.0
deposit, 1, 1, 1.0 
deposit, 2, 2, 2.0
deposit, 1, 3, 2.0 
withdrawal, 1, 4, 1.5 
withdrawal, 2, 5, 3.0
deposit, 1, 1, 1.0 
deposit, 2, 2, 2.0
deposit, 1, 3, 2.0 
withdrawal, 1, 4, 1.5 
withdrawal, 2, 5, 3.0
deposit, 1, 1, 1.0 
deposit, 2, 2, 2.0
deposit, 1, 3, 2.0 
withdrawal, 1, 4, 1.5 
withdrawal, 2, 5, 3.0
deposit, 1, 1, 1.0 
deposit, 2, 2, 2.0
deposit, 1, 3, 2.0 
withdrawal, 1, 4, 1.5 
withdrawal, 2, 5, 3.0
deposit, 1, 1, 1.0 
deposit, 2, 2, 2.0
deposit, 1, 3, 2.0 
withdrawal, 1, 4, 1.5 
withdrawal, 2, 5, 3.0
deposit, 1, 1, 1.0 
deposit, 2, 2, 2.0
deposit, 1, 3, 2.0 
withdrawal, 1, 4, 1.5 
withdrawal, 2, 5, 3.0
deposit, 1, 1, 1.0 
deposit, 2, 2, 2.0
deposit, 1, 3, 2.0 
withdrawal, 1, 4, 1.5 
withdrawal, 2, 5, 3.0
deposit, 1, 1, 1.0 
deposit, 2, 2, 2.0
deposit, 1, 3, 2.0 
withdrawal, 1, 4, 1.5 
withdrawal, 2, 5, 3.0
deposit, 1, 1, 1.0 
deposit, 2, 2, 2.0
deposit, 1, 3, 2.0 
withdrawal, 1, 4, 1.5 
withdrawal, 2, 5, 3.0
deposit, 1, 1, 1.0 
deposit, 2, 2, 2.0
deposit, 1, 3, 2.0 
withdrawal, 1, 4, 1.5 
withdrawal, 2, 5, 3.0
deposit, 1, 1, 1.0 
deposit, 2, 2, 2.0
deposit, 1, 3, 2.0 
withdrawal, 1, 4, 1.5 
withdrawal, 2, 5, 3.0
deposit, 1, 1, 1.0 
deposit, 2, 2, 2.0
deposit, 1, 3, 2.0 
withdrawal, 1, 4, 1.5 
withdrawal, 2, 5, 3.0
deposit, 1, 1, 1.0 
deposit, 2, 2, 2.0
deposit, 1, 3, 2.0 
withdrawal, 1, 4, 1.5 
withdrawal, 2, 5, 3.0
deposit, 1, 1, 1.0 
deposit, 2, 2, 2.0
deposit, 1, 3, 2.0 
withdrawal, 1, 4, 1.5 
withdrawal, 2, 5, 3.0
deposit, 1, 1, 1.0 
deposit, 2, 2, 2.0
deposit, 1, 3, 2.0 
withdrawal, 1, 4, 1.5 
withdrawal, 2, 5, 3.0
deposit, 1, 1, 1.0 
deposit, 2, 2, 2.0
deposit, 1, 3, 2.0 
withdrawal, 1, 4, 1.5 
withdrawal, 2, 5, 3.0
deposit, 1, 1, 1.0 
deposit, 2, 2, 2.0
deposit, 1, 3, 2.0 
withdrawal, 1, 4, 1.5 
withdrawal, 2, 5, 3.0
